year,City,Setting,avgTemp
1970,Alexandria,Coastal,20.641333333333332
1970,Baghdad,Inland,23.41725
1970,Delhi,Inland,25.38716666666667
1970,Los Angeles,Coastal,15.999416666666667
1970,Moscow,Inland,4.269666666666667
1970,Sydney,Coastal,16.782500000000002
1971,Alexandria,Coastal,20.509666666666668
1971,Baghdad,Inland,22.646833333333333
1971,Delhi,Inland,24.80666666666667
1971,Los Angeles,Coastal,15.26025
1971,Moscow,Inland,4.368666666666667
1971,Sydney,Coastal,16.84275
1972,Alexandria,Coastal,20.704166666666666
1972,Baghdad,Inland,22.105666666666668
1972,Delhi,Inland,25.4235
1972,Los Angeles,Coastal,15.95675
1972,Moscow,Inland,5.269666666666667
1972,Sydney,Coastal,17.025666666666666
1973,Alexandria,Coastal,20.53725
1973,Baghdad,Inland,22.904
1973,Delhi,Inland,25.56316666666667
1973,Los Angeles,Coastal,15.510333333333334
1973,Moscow,Inland,4.48275
1973,Sydney,Coastal,17.812083333333334
1974,Alexandria,Coastal,20.554166666666667
1974,Baghdad,Inland,22.35766666666667
1974,Delhi,Inland,25.520666666666667
1974,Los Angeles,Coastal,15.850416666666668
1974,Moscow,Inland,5.450500000000001
1974,Sydney,Coastal,16.97791666666667
1975,Alexandria,Coastal,20.449333333333332
1975,Baghdad,Inland,22.668499999999998
1975,Delhi,Inland,25.023583333333335
1975,Los Angeles,Coastal,15.124
1975,Moscow,Inland,6.01425
1975,Sydney,Coastal,17.341333333333335
1976,Alexandria,Coastal,20.216333333333335
1976,Baghdad,Inland,22.479
1976,Delhi,Inland,25.32875
1976,Los Angeles,Coastal,16.181416666666667
1976,Moscow,Inland,2.651333333333333
1976,Sydney,Coastal,17.009416666666667
1977,Alexandria,Coastal,20.63716666666667
1977,Baghdad,Inland,23.029666666666667
1977,Delhi,Inland,25.405083333333334
1977,Los Angeles,Coastal,16.256333333333334
1977,Moscow,Inland,4.427083333333334
1977,Sydney,Coastal,17.33525
1978,Alexandria,Coastal,20.61325
1978,Baghdad,Inland,23.203416666666666
1978,Delhi,Inland,25.206083333333336
1978,Los Angeles,Coastal,16.010833333333334
1978,Moscow,Inland,3.2145000000000006
1978,Sydney,Coastal,17.162583333333334
1979,Alexandria,Coastal,21.0655
1979,Baghdad,Inland,24.19633333333333
1979,Delhi,Inland,25.8105
1979,Los Angeles,Coastal,15.87775
1979,Moscow,Inland,4.3691666666666675
1979,Sydney,Coastal,17.556
1980,Alexandria,Coastal,20.4425
1980,Baghdad,Inland,23.249416666666665
1980,Delhi,Inland,26.015583333333336
1980,Los Angeles,Coastal,16.228083333333334
1980,Moscow,Inland,3.409500000000001
1980,Sydney,Coastal,17.995083333333337
1981,Alexandria,Coastal,20.59725
1981,Baghdad,Inland,23.236833333333333
1981,Delhi,Inland,25.787666666666667
1981,Los Angeles,Coastal,16.892916666666668
1981,Moscow,Inland,5.674499999999999
1981,Sydney,Coastal,17.493750000000002
1982,Alexandria,Coastal,20.162833333333335
1982,Baghdad,Inland,22.03125
1982,Delhi,Inland,25.175583333333336
1982,Los Angeles,Coastal,15.436
1982,Moscow,Inland,4.747666666666667
1982,Sydney,Coastal,17.295333333333335
1983,Alexandria,Coastal,19.86975
1983,Baghdad,Inland,22.353416666666664
1983,Delhi,Inland,24.747333333333334
1983,Los Angeles,Coastal,16.195
1983,Moscow,Inland,5.652
1983,Sydney,Coastal,17.468
1984,Alexandria,Coastal,20.505333333333333
1984,Baghdad,Inland,22.737583333333333
1984,Delhi,Inland,25.564083333333333
1984,Los Angeles,Coastal,16.761
1984,Moscow,Inland,4.419416666666668
1984,Sydney,Coastal,16.905666666666665
1985,Alexandria,Coastal,20.843666666666667
1985,Baghdad,Inland,23.017666666666667
1985,Delhi,Inland,25.864583333333332
1985,Los Angeles,Coastal,15.955833333333333
1985,Moscow,Inland,3.3027499999999996
1985,Sydney,Coastal,17.092666666666666
1986,Alexandria,Coastal,20.59
1986,Baghdad,Inland,23.152333333333335
1986,Delhi,Inland,25.309083333333334
1986,Los Angeles,Coastal,16.503333333333334
1986,Moscow,Inland,4.194416666666666
1986,Sydney,Coastal,17.060833333333335
1987,Alexandria,Coastal,20.21441666666667
1987,Baghdad,Inland,23.538916666666665
1987,Delhi,Inland,26.539
1987,Los Angeles,Coastal,16.094416666666667
1987,Moscow,Inland,2.4885
1987,Sydney,Coastal,17.366333333333333
1988,Alexandria,Coastal,20.633083333333335
1988,Baghdad,Inland,22.937749999999998
1988,Delhi,Inland,26.105666666666668
1988,Los Angeles,Coastal,16.442583333333335
1988,Moscow,Inland,4.891166666666668
1988,Sydney,Coastal,17.887249999999998
1989,Alexandria,Coastal,20.459166666666665
1989,Baghdad,Inland,23.04941666666667
1989,Delhi,Inland,25.432583333333337
1989,Los Angeles,Coastal,16.360416666666666
1989,Moscow,Inland,6.625083333333333
1989,Sydney,Coastal,17.258333333333333
1990,Alexandria,Coastal,20.730833333333333
1990,Baghdad,Inland,23.405916666666666
1990,Delhi,Inland,25.53825
1990,Los Angeles,Coastal,16.3735
1990,Moscow,Inland,5.807416666666668
1990,Sydney,Coastal,17.4665
1991,Alexandria,Coastal,20.63925
1991,Baghdad,Inland,23.209000000000003
1991,Delhi,Inland,25.738666666666663
1991,Los Angeles,Coastal,16.001583333333333
1991,Moscow,Inland,5.618833333333334
1991,Sydney,Coastal,17.848000000000003
1992,Alexandria,Coastal,20.090416666666666
1992,Baghdad,Inland,21.522000000000002
1992,Delhi,Inland,25.521083333333333
1992,Los Angeles,Coastal,16.787833333333335
1992,Moscow,Inland,5.359416666666667
1992,Sydney,Coastal,16.8915
1993,Alexandria,Coastal,20.74
1993,Baghdad,Inland,22.8595
1993,Delhi,Inland,25.92141666666667
1993,Los Angeles,Coastal,16.363166666666668
1993,Moscow,Inland,4.152416666666667
1993,Sydney,Coastal,17.423416666666668
1994,Alexandria,Coastal,21.096416666666666
1994,Baghdad,Inland,23.465833333333336
1994,Delhi,Inland,25.86916666666667
1994,Los Angeles,Coastal,16.286083333333334
1994,Moscow,Inland,4.131500000000001
1994,Sydney,Coastal,17.357666666666667
1995,Alexandria,Coastal,20.624
1995,Baghdad,Inland,23.318
1995,Delhi,Inland,25.920333333333332
1995,Los Angeles,Coastal,16.635250000000003
1995,Moscow,Inland,5.882916666666667
1995,Sydney,Coastal,16.949
1996,Alexandria,Coastal,20.851166666666668
1996,Baghdad,Inland,23.958
1996,Delhi,Inland,25.54641666666667
1996,Los Angeles,Coastal,17.083833333333335
1996,Moscow,Inland,4.551916666666667
1996,Sydney,Coastal,17.046083333333332
1997,Alexandria,Coastal,20.516416666666668
1997,Baghdad,Inland,22.744250000000005
1997,Delhi,Inland,24.708166666666667
1997,Los Angeles,Coastal,16.931583333333332
1997,Moscow,Inland,4.55675
1997,Sydney,Coastal,17.511
1998,Alexandria,Coastal,21.29375
1998,Baghdad,Inland,24.333
1998,Delhi,Inland,25.769000000000002
1998,Los Angeles,Coastal,15.370666666666667
1998,Moscow,Inland,4.47125
1998,Sydney,Coastal,18.04975
1999,Alexandria,Coastal,21.461000000000002
1999,Baghdad,Inland,24.423583333333337
1999,Delhi,Inland,26.36283333333333
1999,Los Angeles,Coastal,16.118416666666665
1999,Moscow,Inland,5.944416666666666
1999,Sydney,Coastal,17.546916666666668
2000,Alexandria,Coastal,20.7445
2000,Baghdad,Inland,23.89633333333333
2000,Delhi,Inland,26.048333333333332
2000,Los Angeles,Coastal,16.643333333333334
2000,Moscow,Inland,5.960916666666667
2000,Sydney,Coastal,17.567416666666666
2001,Alexandria,Coastal,21.454583333333332
2001,Baghdad,Inland,24.445916666666665
2001,Delhi,Inland,25.862916666666667
2001,Los Angeles,Coastal,16.46625
2001,Moscow,Inland,5.316166666666667
2001,Sydney,Coastal,17.854499999999998
2002,Alexandria,Coastal,21.456166666666665
2002,Baghdad,Inland,23.764750000000003
2002,Delhi,Inland,26.634333333333334
2002,Los Angeles,Coastal,16.430249999999997
2002,Moscow,Inland,5.634250000000001
2002,Sydney,Coastal,17.733833333333333
2003,Alexandria,Coastal,21.221416666666666
2003,Baghdad,Inland,23.88
2003,Delhi,Inland,25.721083333333336
2003,Los Angeles,Coastal,16.944666666666667
2003,Moscow,Inland,4.987666666666667
2003,Sydney,Coastal,17.592333333333332
2004,Alexandria,Coastal,21.064166666666665
2004,Baghdad,Inland,23.721500000000002
2004,Delhi,Inland,26.23991666666667
2004,Los Angeles,Coastal,16.552833333333336
2004,Moscow,Inland,5.3155833333333335
2004,Sydney,Coastal,17.869666666666667
2005,Alexandria,Coastal,21.082333333333334
2005,Baghdad,Inland,23.578333333333333
2005,Delhi,Inland,25.716083333333334
2005,Los Angeles,Coastal,16.431416666666667
2005,Moscow,Inland,5.542416666666667
2005,Sydney,Coastal,18.02808333333333
2006,Alexandria,Coastal,21.148166666666665
2006,Baghdad,Inland,23.81625
2006,Delhi,Inland,26.365916666666667
2006,Los Angeles,Coastal,16.623083333333334
2006,Moscow,Inland,4.9110000000000005
2006,Sydney,Coastal,17.7495
2007,Alexandria,Coastal,21.50775
2007,Baghdad,Inland,23.924750000000003
2007,Delhi,Inland,26.145666666666667
2007,Los Angeles,Coastal,16.699916666666667
2007,Moscow,Inland,6.4270000000000005
2007,Sydney,Coastal,18.020833333333332
2008,Alexandria,Coastal,21.739
2008,Baghdad,Inland,24.0895
2008,Delhi,Inland,25.675
2008,Los Angeles,Coastal,17.01475
2008,Moscow,Inland,6.759083333333334
2008,Sydney,Coastal,17.321083333333334
2009,Alexandria,Coastal,21.6705
2009,Baghdad,Inland,23.867333333333335
2009,Delhi,Inland,26.55425
2009,Los Angeles,Coastal,16.677
2009,Moscow,Inland,5.685416666666666
2009,Sydney,Coastal,18.175833333333333
2010,Alexandria,Coastal,22.45958333333333
2010,Baghdad,Inland,25.493916666666667
2010,Delhi,Inland,26.52025
2010,Los Angeles,Coastal,15.887
2010,Moscow,Inland,5.914666666666666
2010,Sydney,Coastal,17.999
2011,Alexandria,Coastal,21.1815
2011,Baghdad,Inland,23.4375
2011,Delhi,Inland,25.629500000000004
2011,Los Angeles,Coastal,15.874833333333333
2011,Moscow,Inland,6.009833333333333
2011,Sydney,Coastal,17.713333333333335
2012,Alexandria,Coastal,21.55258333333333
2012,Baghdad,Inland,24.344833333333337
2012,Delhi,Inland,25.889416666666666
2012,Los Angeles,Coastal,17.089583333333334
2012,Moscow,Inland,5.200916666666667
2012,Sydney,Coastal,17.474333333333334
2013,Alexandria,Coastal,21.4385
2013,Baghdad,Inland,25.142875
2013,Delhi,Inland,26.70925
2013,Los Angeles,Coastal,18.12066666666667
2013,Moscow,Inland,6.798875000000001
2013,Sydney,Coastal,18.08975
