year,month,avgTemp,Period
1970,1,-11.197,1970-1990
1970,2,-9.076,1970-1990
1970,3,-3.31,1970-1990
1970,4,5.114,1970-1990
1970,5,12.092,1970-1990
1970,6,15.412,1970-1990
1970,7,19.032,1970-1990
1970,8,15.875,1970-1990
1970,9,10.957,1970-1990
1970,10,4.8740000000000006,1970-1990
1970,11,-2.14,1970-1990
1970,12,-6.397,1970-1990
1971,1,-4.393,1970-1990
1971,2,-10.003,1970-1990
1971,3,-4.8,1970-1990
1971,4,3.131,1970-1990
1971,5,12.157,1970-1990
1971,6,16.148,1970-1990
1971,7,17.184,1970-1990
1971,8,16.36,1970-1990
1971,9,10.745,1970-1990
1971,10,3.03,1970-1990
1971,11,-1.131,1970-1990
1971,12,-6.004,1970-1990
1972,1,-15.765,1970-1990
1972,2,-8.468,1970-1990
1972,3,-3.301,1970-1990
1972,4,5.422999999999999,1970-1990
1972,5,12.206,1970-1990
1972,6,18.215,1970-1990
1972,7,21.357000000000006,1970-1990
1972,8,20.331,1970-1990
1972,9,10.871,1970-1990
1972,10,4.553999999999999,1970-1990
1972,11,-0.615,1970-1990
1972,12,-1.5719999999999998,1970-1990
1973,1,-11.014,1970-1990
1973,2,-4.034999999999998,1970-1990
1973,3,-2.2059999999999995,1970-1990
1973,4,7.162999999999999,1970-1990
1973,5,12.674,1970-1990
1973,6,17.22,1970-1990
1973,7,17.721,1970-1990
1973,8,15.39,1970-1990
1973,9,7.1869999999999985,1970-1990
1973,10,2.8510000000000004,1970-1990
1973,11,-2.599,1970-1990
1973,12,-6.559,1970-1990
1974,1,-11.29,1970-1990
1974,2,-2.2689999999999992,1970-1990
1974,3,-1.0849999999999995,1970-1990
1974,4,2.746,1970-1990
1974,5,9.22,1970-1990
1974,6,15.79,1970-1990
1974,7,17.756,1970-1990
1974,8,15.64,1970-1990
1974,9,12.669,1970-1990
1974,10,8.044,1970-1990
1974,11,1.281,1970-1990
1974,12,-3.0960000000000005,1970-1990
1975,1,-4.243,1970-1990
1975,2,-6.939,1970-1990
1975,3,0.2720000000000002,1970-1990
1975,4,9.201,1970-1990
1975,5,15.474,1970-1990
1975,6,17.055999999999997,1970-1990
1975,7,18.012,1970-1990
1975,8,15.033,1970-1990
1975,9,13.45,1970-1990
1975,10,3.556,1970-1990
1975,11,-3.994,1970-1990
1975,12,-4.707000000000002,1970-1990
1976,1,-13.010000000000002,1970-1990
1976,2,-12.728,1970-1990
1976,3,-3.515,1970-1990
1976,4,5.037,1970-1990
1976,5,10.311,1970-1990
1976,6,13.255999999999998,1970-1990
1976,7,15.906000000000002,1970-1990
1976,8,14.202,1970-1990
1976,9,9.35,1970-1990
1976,10,-1.4560000000000004,1970-1990
1976,11,-1.265,1970-1990
1976,12,-4.272,1970-1990
1977,1,-12.164,1970-1990
1977,2,-7.052999999999999,1970-1990
1977,3,-1.5809999999999995,1970-1990
1977,4,6.43,1970-1990
1977,5,13.692,1970-1990
1977,6,16.224,1970-1990
1977,7,18.078000000000007,1970-1990
1977,8,15.402,1970-1990
1977,9,9.283,1970-1990
1977,10,2.7750000000000004,1970-1990
1977,11,1.212,1970-1990
1977,12,-9.173,1970-1990
1978,1,-8.997,1970-1990
1978,2,-10.390999999999998,1970-1990
1978,3,-0.4769999999999994,1970-1990
1978,4,4.141,1970-1990
1978,5,10.174,1970-1990
1978,6,13.817,1970-1990
1978,7,15.879,1970-1990
1978,8,15.541,1970-1990
1978,9,9.394,1970-1990
1978,10,2.9290000000000003,1970-1990
1978,11,1.716,1970-1990
1978,12,-15.152,1970-1990
1979,1,-10.988,1970-1990
1979,2,-10.093,1970-1990
1979,3,-1.6219999999999994,1970-1990
1979,4,2.739,1970-1990
1979,5,16.079,1970-1990
1979,6,16.736,1970-1990
1979,7,16.065,1970-1990
1979,8,16.552,1970-1990
1979,9,11.509,1970-1990
1979,10,3.085,1970-1990
1979,11,-1.406,1970-1990
1979,12,-6.226,1970-1990
1980,1,-12.561,1970-1990
1980,2,-8.411999999999999,1970-1990
1980,3,-7.762,1970-1990
1980,4,5.034,1970-1990
1980,5,8.05,1970-1990
1980,6,17.238,1970-1990
1980,7,17.043000000000006,1970-1990
1980,8,14.538,1970-1990
1980,9,10.61,1970-1990
1980,10,4.692,1970-1990
1980,11,-2.599,1970-1990
1980,12,-4.957000000000002,1970-1990
1981,1,-6.564,1970-1990
1981,2,-6.007000000000001,1970-1990
1981,3,-4.1019999999999985,1970-1990
1981,4,2.614,1970-1990
1981,5,13.361,1970-1990
1981,6,18.901,1970-1990
1981,7,20.713,1970-1990
1981,8,16.811,1970-1990
1981,9,10.77,1970-1990
1981,10,7.047999999999999,1970-1990
1981,11,-1.078,1970-1990
1981,12,-4.373000000000001,1970-1990
1982,1,-10.582,1970-1990
1982,2,-9.78,1970-1990
1982,3,-1.3469999999999995,1970-1990
1982,4,4.696000000000001,1970-1990
1982,5,11.357,1970-1990
1982,6,13.368,1970-1990
1982,7,17.601000000000006,1970-1990
1982,8,16.489,1970-1990
1982,9,11.554,1970-1990
1982,10,3.809,1970-1990
1982,11,1.4980000000000002,1970-1990
1982,12,-1.6910000000000007,1970-1990
1983,1,-4.66,1970-1990
1983,2,-7.887,1970-1990
1983,3,-2.250999999999999,1970-1990
1983,4,8.753,1970-1990
1983,5,15.024,1970-1990
1983,6,14.369000000000002,1970-1990
1983,7,17.512999999999998,1970-1990
1983,8,15.712,1970-1990
1983,9,11.965,1970-1990
1983,10,5.521,1970-1990
1983,11,-2.051,1970-1990
1983,12,-4.184000000000001,1970-1990
1984,1,-5.3020000000000005,1970-1990
1984,2,-11.643999999999998,1970-1990
1984,3,-3.161,1970-1990
1984,4,6.752999999999999,1970-1990
1984,5,15.330000000000002,1970-1990
1984,6,14.774,1970-1990
1984,7,16.869000000000003,1970-1990
1984,8,14.843,1970-1990
1984,9,12.248,1970-1990
1984,10,6.223000000000001,1970-1990
1984,11,-3.697,1970-1990
1984,12,-10.203,1970-1990
1985,1,-11.415,1970-1990
1985,2,-15.431,1970-1990
1985,3,-4.423,1970-1990
1985,4,4.624,1970-1990
1985,5,12.718,1970-1990
1985,6,14.458,1970-1990
1985,7,16.125,1970-1990
1985,8,18.891,1970-1990
1985,9,9.794,1970-1990
1985,10,5.617999999999999,1970-1990
1985,11,-3.931,1970-1990
1985,12,-7.395,1970-1990
1986,1,-7.456000000000001,1970-1990
1986,2,-15.167,1970-1990
1986,3,-0.9689999999999994,1970-1990
1986,4,6.449,1970-1990
1986,5,12.966,1970-1990
1986,6,17.801000000000005,1970-1990
1986,7,17.329,1970-1990
1986,8,16.247,1970-1990
1986,9,8.349,1970-1990
1986,10,3.731,1970-1990
1986,11,-0.75,1970-1990
1986,12,-8.197000000000001,1970-1990
1987,1,-18.87,1970-1990
1987,2,-7.1389999999999985,1970-1990
1987,3,-6.818999999999999,1970-1990
1987,4,2.104,1970-1990
1987,5,12.201,1970-1990
1987,6,17.035,1970-1990
1987,7,16.270000000000003,1970-1990
1987,8,14.691,1970-1990
1987,9,8.939,1970-1990
1987,10,2.972,1970-1990
1987,11,-3.614,1970-1990
1987,12,-7.908,1970-1990
1988,1,-8.38,1970-1990
1988,2,-6.855,1970-1990
1988,3,-1.5479999999999996,1970-1990
1988,4,4.473,1970-1990
1988,5,13.316,1970-1990
1988,6,18.777,1970-1990
1988,7,20.857000000000006,1970-1990
1988,8,16.155,1970-1990
1988,9,11.109000000000002,1970-1990
1988,10,4.1419999999999995,1970-1990
1988,11,-5.343999999999999,1970-1990
1988,12,-8.008000000000001,1970-1990
1989,1,-2.758,1970-1990
1989,2,-1.1629999999999985,1970-1990
1989,3,1.5570000000000013,1970-1990
1989,4,7.167000000000001,1970-1990
1989,5,12.945,1970-1990
1989,6,19.649,1970-1990
1989,7,18.383000000000006,1970-1990
1989,8,16.148,1970-1990
1989,9,12.048,1970-1990
1989,10,4.97,1970-1990
1989,11,-3.484,1970-1990
1989,12,-5.961,1970-1990
1990,1,-6.066000000000002,1970-1990
1990,2,-0.1499999999999985,1970-1990
1990,3,1.7550000000000008,1970-1990
1990,4,7.477,1970-1990
1990,5,10.260000000000002,1970-1990
1990,6,13.936,1970-1990
1990,7,16.964000000000002,1970-1990
1990,8,15.648,1970-1990
1990,9,9.23,1970-1990
1990,10,5.063,1970-1990
1990,11,0.044,1970-1990
1990,12,-4.4719999999999995,1970-1990
1991,1,-6.6770000000000005,1991-2013
1991,2,-7.590999999999998,1991-2013
1991,3,-2.27,1991-2013
1991,4,6.236000000000001,1991-2013
1991,5,12.762,1991-2013
1991,6,18.369,1991-2013
1991,7,17.873,1991-2013
1991,8,15.938,1991-2013
1991,9,10.916,1991-2013
1991,10,6.295,1991-2013
1991,11,0.3709999999999998,1991-2013
1991,12,-4.796,1991-2013
1992,1,-5.6850000000000005,1991-2013
1992,2,-5.156000000000001,1991-2013
1992,3,1.0460000000000005,1991-2013
1992,4,4.479,1991-2013
1992,5,11.584,1991-2013
1992,6,16.101,1991-2013
1992,7,18.103,1991-2013
1992,8,17.983,1991-2013
1992,9,12.765,1991-2013
1992,10,1.6950000000000005,1991-2013
1992,11,-3.1319999999999997,1991-2013
1992,12,-5.4700000000000015,1991-2013
1993,1,-5.212999999999999,1991-2013
1993,2,-5.395,1991-2013
1993,3,-2.641,1991-2013
1993,4,5.212000000000001,1991-2013
1993,5,14.003,1991-2013
1993,6,13.604,1991-2013
1993,7,17.072000000000006,1991-2013
1993,8,15.088,1991-2013
1993,9,6.987,1991-2013
1993,10,4.058,1991-2013
1993,11,-8.73,1991-2013
1993,12,-4.216,1991-2013
1994,1,-4.188,1991-2013
1994,2,-12.626,1991-2013
1994,3,-3.816,1991-2013
1994,4,6.646,1991-2013
1994,5,9.688,1991-2013
1994,6,14.331,1991-2013
1994,7,17.415000000000006,1991-2013
1994,8,15.554,1991-2013
1994,9,13.835,1991-2013
1994,10,4.689,1991-2013
1994,11,-2.702,1991-2013
1994,12,-9.248,1991-2013
1995,1,-6.971000000000001,1991-2013
1995,2,-1.4859999999999998,1991-2013
1995,3,0.2320000000000002,1991-2013
1995,4,8.129,1991-2013
1995,5,13.768,1991-2013
1995,6,18.896,1991-2013
1995,7,16.984,1991-2013
1995,8,16.419,1991-2013
1995,9,12.285,1991-2013
1995,10,6.058,1991-2013
1995,11,-3.397,1991-2013
1995,12,-10.322,1991-2013
1996,1,-11.345999999999998,1991-2013
1996,2,-11.11,1991-2013
1996,3,-4.648,1991-2013
1996,4,5.6099999999999985,1991-2013
1996,5,15.227,1991-2013
1996,6,15.845999999999998,1991-2013
1996,7,18.221,1991-2013
1996,8,16.815,1991-2013
1996,9,9.52,1991-2013
1996,10,5.381,1991-2013
1996,11,3.4720000000000004,1991-2013
1996,12,-8.365,1991-2013
1997,1,-8.424000000000001,1991-2013
1997,2,-5.379999999999999,1991-2013
1997,3,-1.6189999999999998,1991-2013
1997,4,3.934,1991-2013
1997,5,11.035,1991-2013
1997,6,17.537,1991-2013
1997,7,18.264000000000006,1991-2013
1997,8,17.137,1991-2013
1997,9,8.392999999999999,1991-2013
1997,10,3.4160000000000004,1991-2013
1997,11,-1.001,1991-2013
1997,12,-8.611,1991-2013
1998,1,-5.609,1991-2013
1998,2,-7.757000000000001,1991-2013
1998,3,-1.8159999999999996,1991-2013
1998,4,3.5860000000000003,1991-2013
1998,5,13.113,1991-2013
1998,6,18.966,1991-2013
1998,7,18.360000000000007,1991-2013
1998,8,15.074000000000002,1991-2013
1998,9,10.644,1991-2013
1998,10,5.077,1991-2013
1998,11,-8.663,1991-2013
1998,12,-7.32,1991-2013
1999,1,-5.120000000000001,1991-2013
1999,2,-7.1309999999999985,1991-2013
1999,3,-1.6129999999999995,1991-2013
1999,4,8.793,1991-2013
1999,5,8.457,1991-2013
1999,6,20.291,1991-2013
1999,7,21.156999999999996,1991-2013
1999,8,15.895,1991-2013
1999,9,11.407,1991-2013
1999,10,6.803999999999999,1991-2013
1999,11,-5.034,1991-2013
1999,12,-2.5730000000000004,1991-2013
2000,1,-7.3130000000000015,1991-2013
2000,2,-3.5509999999999997,1991-2013
2000,3,-1.6609999999999996,1991-2013
2000,4,10.096,1991-2013
2000,5,10.357,1991-2013
2000,6,15.243,1991-2013
2000,7,18.676,1991-2013
2000,8,16.42,1991-2013
2000,9,9.775,1991-2013
2000,10,6.6110000000000015,1991-2013
2000,11,-0.1680000000000001,1991-2013
2000,12,-2.9539999999999997,1991-2013
2001,1,-4.9140000000000015,1991-2013
2001,2,-7.760999999999999,1991-2013
2001,3,-2.8329999999999997,1991-2013
2001,4,10.055,1991-2013
2001,5,11.012,1991-2013
2001,6,15.733,1991-2013
2001,7,22.305999999999997,1991-2013
2001,8,16.576,1991-2013
2001,9,11.630999999999998,1991-2013
2001,10,4.7780000000000005,1991-2013
2001,11,-0.8650000000000001,1991-2013
2001,12,-11.924,1991-2013
2002,1,-5.558000000000002,1991-2013
2002,2,-1.0739999999999998,1991-2013
2002,3,1.883,1991-2013
2002,4,6.496,1991-2013
2002,5,12.188,1991-2013
2002,6,16.59,1991-2013
2002,7,21.741999999999997,1991-2013
2002,8,16.913,1991-2013
2002,9,11.588,1991-2013
2002,10,2.3080000000000003,1991-2013
2002,11,-1.884,1991-2013
2002,12,-13.581,1991-2013
2003,1,-8.051,1991-2013
2003,2,-9.678,1991-2013
2003,3,-4.0139999999999985,1991-2013
2003,4,3.705,1991-2013
2003,5,14.829,1991-2013
2003,6,12.697,1991-2013
2003,7,19.809,1991-2013
2003,8,16.519000000000002,1991-2013
2003,9,11.2,1991-2013
2003,10,4.898,1991-2013
2003,11,0.901,1991-2013
2003,12,-2.9630000000000005,1991-2013
2004,1,-7.127000000000002,1991-2013
2004,2,-7.798999999999999,1991-2013
2004,3,0.7560000000000002,1991-2013
2004,4,4.175,1991-2013
2004,5,10.914,1991-2013
2004,6,14.791,1991-2013
2004,7,18.381,1991-2013
2004,8,17.955,1991-2013
2004,9,11.871,1991-2013
2004,10,5.601,1991-2013
2004,11,-2.1910000000000003,1991-2013
2004,12,-3.5400000000000005,1991-2013
2005,1,-3.603,1991-2013
2005,2,-9.947,1991-2013
2005,3,-6.891,1991-2013
2005,4,6.462000000000001,1991-2013
2005,5,14.477,1991-2013
2005,6,15.657,1991-2013
2005,7,18.706000000000003,1991-2013
2005,8,17.125999999999998,1991-2013
2005,9,12.904000000000002,1991-2013
2005,10,5.707999999999999,1991-2013
2005,11,0.8389999999999997,1991-2013
2005,12,-4.928999999999999,1991-2013
2006,1,-11.423,1991-2013
2006,2,-14.404000000000002,1991-2013
2006,3,-4.845999999999999,1991-2013
2006,4,5.279,1991-2013
2006,5,11.743,1991-2013
2006,6,17.616,1991-2013
2006,7,17.435000000000002,1991-2013
2006,8,17.215999999999998,1991-2013
2006,9,13.07,1991-2013
2006,10,6.606,1991-2013
2006,11,0.1280000000000001,1991-2013
2006,12,0.5120000000000005,1991-2013
2007,1,-2.4030000000000005,1991-2013
2007,2,-11.948999999999998,1991-2013
2007,3,3.886000000000001,1991-2013
2007,4,5.02,1991-2013
2007,5,15.086000000000002,1991-2013
2007,6,16.667,1991-2013
2007,7,18.360000000000007,1991-2013
2007,8,19.571,1991-2013
2007,9,11.773,1991-2013
2007,10,6.446000000000001,1991-2013
2007,11,-2.523,1991-2013
2007,12,-2.8100000000000005,1991-2013
2008,1,-6.8100000000000005,1991-2013
2008,2,-2.197,1991-2013
2008,3,1.3400000000000007,1991-2013
2008,4,8.806000000000003,1991-2013
2008,5,10.868,1991-2013
2008,6,15.058,1991-2013
2008,7,18.655,1991-2013
2008,8,17.7,1991-2013
2008,9,10.741,1991-2013
2008,10,8.24,1991-2013
2008,11,1.6019999999999996,1991-2013
2008,12,-2.8939999999999997,1991-2013
2009,1,-6.4700000000000015,1991-2013
2009,2,-6.004,1991-2013
2009,3,-1.3159999999999998,1991-2013
2009,4,4.611000000000001,1991-2013
2009,5,12.916,1991-2013
2009,6,16.741,1991-2013
2009,7,18.387,1991-2013
2009,8,15.403,1991-2013
2009,9,13.68,1991-2013
2009,10,5.473,1991-2013
2009,11,1.93,1991-2013
2009,12,-7.126,1991-2013
2010,1,-15.845999999999998,1991-2013
2010,2,-8.677999999999999,1991-2013
2010,3,-2.0369999999999995,1991-2013
2010,4,7.55,1991-2013
2010,5,16.284000000000002,1991-2013
2010,6,18.568,1991-2013
2010,7,24.58,1991-2013
2010,8,21.478,1991-2013
2010,9,11.602,1991-2013
2010,10,3.298,1991-2013
2010,11,2.3629999999999995,1991-2013
2010,12,-8.186,1991-2013
2011,1,-8.472000000000001,1991-2013
2011,2,-11.759,1991-2013
2011,3,-2.9079999999999995,1991-2013
2011,4,5.729,1991-2013
2011,5,13.982,1991-2013
2011,6,18.437,1991-2013
2011,7,22.434,1991-2013
2011,8,18.149,1991-2013
2011,9,11.812,1991-2013
2011,10,5.926,1991-2013
2011,11,-0.3440000000000001,1991-2013
2011,12,-0.8680000000000003,1991-2013
2012,1,-7.713000000000001,1991-2013
2012,2,-12.533,1991-2013
2012,3,-3.467,1991-2013
2012,4,7.247000000000001,1991-2013
2012,5,14.592,1991-2013
2012,6,16.333,1991-2013
2012,7,20.001,1991-2013
2012,8,17.395,1991-2013
2012,9,12.509,1991-2013
2012,10,6.061,1991-2013
2012,11,1.0760000000000003,1991-2013
2012,12,-9.09,1991-2013
2013,1,-9.23,1991-2013
2013,2,-4.726,1991-2013
2013,3,-7.497000000000001,1991-2013
2013,4,5.353,1991-2013
2013,5,16.152,1991-2013
2013,6,18.718,1991-2013
2013,7,18.136000000000006,1991-2013
2013,8,17.485,1991-2013
